Title,Date,Blurb
Families prepare for the worst and hear stories of promise at Naloxone training,"Aug 29, 2018",
"Rescued once, mom can't be saved from second overdose","Sep 12, 2018",
"Treatment options still lag in Delaware, says report","Oct 11, 2018",
Increase in heroin overdoses fuels Narcan distribution,"Aug 8, 2018",
Overdose deaths inspire effort to give homeless naloxone,"Jul 31, 2018",
Heroin overdoses leave scars on our hearts,"Apr 18, 2018",
Six prison overdoses means officers carry Narcan,"Mar 28, 2018",
Donation gets naloxone in the hands of volunteer firefighters,"Sep 18, 2017",
New law gives better access to naloxone,"Jul 20, 2017",
Naloxone access saves lives: Dialogue Delaware,"Oct 3, 2017",
"Top stories for Tuesday, September 19","Sep 19, 2017",
A new step in ending opioid crisis: Dialogue,"Jan 11, 2018",
Officers save man's life with Naloxone,"Jun 7, 2016",
Can Delaware do better in opioid fight? Here's how it's trying,"Oct 3, 2018",
"Doctor memorializes woman she once saved from overdose, helps more in Dover","Sep 17, 2018",
Officer halts overdose with Naloxone,"Sep 23, 2016",
Pharmacists can sell overdose antidote over the counter,"Jul 20, 2017",
Delaware mother turns 'pain into purpose' after son's overdose,"Sep 24, 2018",
23 police departments get naloxone,"Jun 2, 2016",
"Narcan kits to be carried on patrol, police say","May 27, 2017",
"NCCo hosts free, public Narcan training","Oct 19, 2016",
US Attorney: We're hounding the people responsible for the opioid crisis,"Sep 24, 2018",
Poll: Do you think schools should have the overdose-reversing drug naloxone?,"Apr 24, 2015",
Letters to the editor,"Jan 20, 2016",
Patrol officers save life with Narcan,"Jun 29, 2016",
Stiffer penalties on drug dealers would help opioid crisis,"Sep 17, 2018",
Rape charges dropped after teen witness runs away,"Sep 12, 2018",
Delaware gets another $1 million Narcan donation,"Feb 23, 2016",
Apparent overdose victim saved in New Castle County,"Jun 22, 2016",
State confirms West Nile in 5th Delawarean,"Sep 12, 2018",
Narcan becomes common tool for Delaware police,"May 22, 2016",
Police save woman from heroin OD,"Oct 26, 2015",
Delaware House OKs overdose drug naloxone in schools,"Apr 24, 2015",
Two lives saved with community naloxone training,"Sep 9, 2015",
Middletown woman saved from heroin OD,"Aug 3, 2015",
'Narcan' could save Delaware lives,"Jun 4, 2014",
Addiction and re-incarceration are a vicious cycle. Here's how we can break it.,"Aug 29, 2018",
Newark police revive two with Narcan in first month,"Dec 1, 2015",
Delaware sees deadliest month ever from drug overdoses,"Sep 11, 2018",
Narcan to get wider use for heroin OD,"Nov 28, 2014",
Three Sussex Tech school board members resign,"Sep 12, 2018",
"Fan blew opioid fentanyl on first responders, sending them to hospital","Sep 10, 2018",
"Father shares story of loss, hope","Jun 8, 2014",
8 deaths in 4 days from suspected overdoses in Delaware,"Aug 14, 2018",
"A moment from death, overdose victim is saved","Aug 1, 2018",
Fentanyl: What it is and why it's deadly,"Sep 7, 2018",
Small-town police now face a big heroin problem in Delaware,"Aug 2, 2018",
2 overdosed in past month at women's prison,"Aug 1, 2018",
Overdose deaths spike in Sussex County,"Jul 18, 2018",
Legal protection expanded for overdose drug use,"Jun 13, 2018",
Shattered lives: Remembering those lost to overdoses,"Aug 31, 2018",
Looking for heroin treatment? Try asking police,"Aug 10, 2018",
Don't lose sense of urgency on opioid crisis,"Jul 13, 2018",
One a day: Delaware's addiction epidemic worsens,"Jun 11, 2018",
"OD at UD not typical for campus, officials say","Jun 4, 2018",
Sussex County sees 4 of last 5 fatal drug ODs,"Jul 16, 2018",
Warning: 2 deaths involve same-stamp heroin packets,"May 28, 2018",
Nation’s top doc supports safe injection sites,"May 24, 2018",
Report calls for 'major action' in fight against addiction,"Jul 24, 2018",
Deadly fentanyl-laced heroin could be in Delaware,"Apr 10, 2018",
Addiction solutions prove difficult in Delaware,"Jul 12, 2018",
Bill would give Narcan to more public employees,"Jan 24, 2018",
"Plan calls for better mental health, addiction care","May 15, 2018",
We can stop holiday addiction deaths: Voice,"Dec 16, 2017",
"7 dead, 40 survived in latest Delaware overdose spike","May 1, 2018",
Six overdose deaths linked to two heroin brands,"Jul 26, 2017",
Delaware's overdose death toll rises to 171,"Oct 10, 2017",
Our chance to show hope against heroin: Editorial,"Dec 2, 2017",
Delaware's OD count may be worse than it appears,"Oct 25, 2017",
Keep up the pressure on drug companies,"Feb 16, 2018",
Delaware programs get $325K to fight opioid epidemic,"Feb 26, 2018",
Feds must step up in addiction fight: Voices,"Aug 18, 2017",
Leftover opioids? Walmart has a solution,"Mar 12, 2018",
Overdose-related visits to ER surge in Delaware,"Mar 6, 2018",
What heroin costs Delaware — in lives and money,"Dec 2, 2017",
"In Delaware, the race against addiction grows","Mar 5, 2018",
Why holidays are hard for those struggling with addiction,"Dec 22, 2017",
Physicians can help end opioid crisis: Voices,"Nov 3, 2017",
"After overdoses, outreach teams could be answer","Mar 15, 2018",
Dr. Wilson Compton to talk addiction Wednesday,"Jan 23, 2018",
Del. AG pushes state to invest in fighting addiction,"Dec 3, 2017",
Man charged with firing gun at an Ogletown bar,"Jul 21, 2017",
Overdose spike kills 11 over Thanksgiving weekend,"Nov 27, 2017",
Could safe injection sites come to Delaware?,"Mar 23, 2018",
Fentanyl-related overdoses triple in 2016,"Feb 14, 2017",
AG Matt Denn takes on Big Pharma in opioid lawsuit,"Jan 19, 2018",
"Thumbs up to new anti-heroin law, the State Fair","Jul 21, 2017",
UD class trains students to become EMTs,"Jan 30, 2018",
"After tough year, Del. awaits final overdose count","Jan 9, 2018",
Take politics out of opioid crisis: Editorial,"Oct 26, 2017",
Narcan to be available over the counter in Delaware,"Feb 26, 2016",
Treat heroin crisis like the emergency it is: Editorial,"Aug 11, 2017",
Trump health care sabotage hurts Delaware: Voices,"Oct 20, 2017",
Woman charged in prescription forgeries,"Aug 10, 2017",
W.Va. officials look to Delaware for answers to opioid crisis,"Jan 31, 2018",
Notorious Philly heroin market cleanup begins,"Aug 2, 2017",
WATCH LIVE: Opioid addiction forum at Dickinson HS,"Dec 4, 2017",
Treatment 'too difficult to access' for many in Delaware,"Dec 4, 2017",
Moving beyond the heroin trap,"Aug 23, 2016",
Delaware AG Matt Denn wants addiction recovery high school,"Sep 6, 2017",
"Exchanging needles, saving lives","Dec 27, 2017",
"Delaware gets 2,000 heroin overdose kits","Aug 26, 2015",
"Doctors, pharmacists, addiction experts at heroin resource fair","Dec 4, 2017",
Delawareans 'underwhelmed' by Trump's opioid response,"Oct 26, 2017",
A vicelike grip on government spending,"Aug 24, 2015",
Letters to the editor: Lessons sports teach us,"Jun 10, 2017",
More must be done for those that need it the most,"Oct 19, 2016",
Denn: Better access to addiction treatment still needed,"Oct 19, 2016",
Letters to the editor: Biden story not newsworthy,"Mar 6, 2017",
Philadelphia to mull safe injection sites in opioid fight,"May 19, 2017",
"Delaware police, fire reports roundup for June 29","Jun 29, 2016",
Narcan may be more easily available,"Jun 20, 2014",
We've been down this addiction road before,"Sep 7, 2016",
Health briefs for week of Oct. 21,"Oct 20, 2014",
Bids for Rehoboth ocean outfall project revealed,"Jul 20, 2017",
Senate OKs OD-drug bill,"Jun 5, 2014",
State: lethal drug mix looks like heroin,"Jan 16, 2015",
Another reason to fight opioid addiction: Economics,"Mar 7, 2017",
Next steps in reducing Del. OD deaths,"Aug 16, 2015",
'People will die' under new health care proposal,"Jun 23, 2017",
A key weapon in the fight against heroin,"Jun 13, 2014",
A school for Delaware's youngest struggling with addiction,"Dec 2, 2017",
Delaware shocked heroin took an addiction champion,"Nov 29, 2017",
"For EMTs, hazards are part of the job","May 2, 2017",
The next steps in the heroin battle,"Aug 7, 2015",
2 dead in overdose spike in Sussex,"Apr 24, 2017",
FDA approves device to reverse opioid overdose,"Apr 7, 2014",
4 dead in one day from heroin,"Mar 27, 2017",
Letters to the Editor: The GOP hurts itself,"Dec 31, 2015",
"Health Briefs: Narcan training, mindfulness class","Oct 23, 2016",
Del. Health Secretary Rita Landgraf will join UD,"Oct 24, 2016",
AG pushes price cut for heroin antidote,"Aug 24, 2015",
"Two arrested, heroin, $40K seized","Aug 20, 2014",
County says goodbye to innovative police chief,"Dec 29, 2016",
New heroin commission superfluous,"Apr 22, 2016",
Denn announces attack plan on heroin,"Aug 7, 2015",
90 dead from fentanyl overdoses this year,"Dec 12, 2016",
Delaware fears more heroin overdoses,"Apr 24, 2017",
Delaware fentanyl-related overdose deaths jump,"Dec 28, 2015",
"Event connects addicts, families with help","Oct 25, 2014",
Bill to prepare relatives of addicts,"May 14, 2014",
"Heroin deaths spur action in Va., Md.","Jan 24, 2015",
State leaders: More addiction resources needed,"Sep 1, 2016",
Bills attack heroin overdoses,"Jan 20, 2016",
"Rep. Mike Barbieri to resign, join state health department","Jul 13, 2015",
Delaware to get federal money to combat heroin epidemic,"Aug 17, 2015",
The Daily Scroll: June 2,"Jun 2, 2016",
Early education key in heroin battle,"Jun 15, 2014",
Legislature OKs casino bailout as session ends,"Jul 1, 2014",
Your brain when you give up sugar,"Mar 1, 2015",
"Event connects addicts, families with help","Oct 25, 2014",
Be Accepting: The Reality of Addiction,"Dec 1, 2015",
NCCo police get Narcan to fight heroin ODs,"May 14, 2015",
GOP officials pitch other use for Wilmington money,"Apr 29, 2016",
New commission to target heroin,"Apr 21, 2016",
Four more die in Delaware from fentanyl-laced heroin,"Jul 17, 2014",
"AtTAcK Addiction, Connections partner to open recovery home","Aug 15, 2016",
Glimmers of hope in heroin fight,"Dec 30, 2016",
"Heroin use needs a medical, not a moral, crusade","Feb 10, 2014",
Heroin Alert program takes hard look at Delaware drug abuse,"Aug 5, 2015",
Heroin battle is everybody's fight,"Jun 15, 2014",
Heroin in suburbs: A different story,"May 20, 2014",
Christiana Care proposes $250 million expansion,"Jan 22, 2015",
"As Delaware heroin deaths rise, more treatment options sought","May 20, 2016",
Delaware can learn from fishing village fighting heroin,"May 21, 2016",
"Markell highlights job growth, crime","Jan 22, 2015",
Can Delaware win war with addiction?,"Jun 15, 2014",
High school report,"Sep 27, 2015",
